key1: 2439, key2: 3403
3767, 4019
3312, 2274
46, 3736
271, 2168
103, 1246
3249, 94
2149, 2861
1984, 734
1782, 1866
994, 1513
3170, 3669
2742, 256
1186, 2966
1093, 4067
1290, 2663
1830, 494
2210, 2559
3073, 2342
2226, 3231
3707, 1162
1648, 3223
533, 2595
3941, 1728
3458, 479
2449, 1547
1930, 1604
937, 3417
645, 3942
3648, 2999
3802, 358
890, 1619
2865, 115
1356, 1977
2185, 413
796, 1234
1848, 816
2734, 1185
272, 2975
1328, 207
3515, 1716
1271, 3940
839, 303
1684, 2184
732, 3428
1857, 2566
1017, 3979
762, 3506
1768, 3243
2088, 455
3590, 2302
429, 2148
1406, 2474
1834, 1184
110, 3813
3034, 540
2026, 2347
334, 1961
3233, 2720
551, 1486
524, 2932
1371, 2824
1863, 404
2366, 1811
1777, 2639
895, 2130
571, 3968
529, 3981
633, 2851
3528, 119
3748, 418
3547, 3866
1613, 696
1630, 2571
2682, 2422
3095, 3902
1300, 2491
2711, 938
135, 3634
2867, 1011
2818, 4048
568, 12
1694, 3396
2482, 3455
2822, 3768
2288, 374
3200, 1198
3600, 659
2709, 2193
4073, 2623
4012, 1121
3866, 594
1512, 3746
2941, 3644
1398, 1306
2568, 971
2529, 797
2424, 3964
293, 1804
2060, 3445
1859, 949
4057, 2097
1479, 1554
3103, 699
2239, 393
90, 3174
2512, 3572
3652, 3075
3042, 1801
1086, 162
4038, 3329
2853, 1625
2309, 2601
2290, 660
3534, 1917
2442, 345
1069, 1364
3586, 4084
2404, 3478
1275, 253
387, 3559
1626, 407
878, 583
2862, 3378
3758, 3843
1351, 1887
1554, 3476
616, 3438
3943, 2964
765, 2017
2080, 2636
1480, 53
3993, 54
3967, 3973
2242, 3728
2978, 4001
2009, 3165
3664, 1561
4028, 3873
3787, 1623
2768, 154
1304, 409
1985, 2098
1080, 563
1144, 3757
3673, 1822
2926, 1373
1387, 2374
932, 2471
3944, 2007
284, 910
971, 399
2403, 1689
3604, 2906
1377, 3769
1650, 2152
606, 3112
301, 1929
102, 884
855, 144
432, 3208
2615, 2278
3028, 1971
1460, 1553
1897, 3877
1072, 4
694, 881
1130, 2924
3545, 705
1201, 1808
3365, 2056
1048, 2935
1390, 1217
2337, 999
2092, 3021
3091, 729
2810, 1975
1798, 2480
355, 3618
1783, 1562
2369, 3394
3561, 1406
3054, 292
3797, 2477
3124, 2390
3317, 2405
44, 3358
2825, 3343
1546, 1273
4023, 831
1530, 2513
2990, 2025
3869, 2207
3339, 2241
3896, 2944
2999, 743
1120, 954
3671, 3974
1687, 578
2573, 450
1154, 3665
3040, 1703
1729, 3068
358, 3461
2508, 1764
966, 2201
3112, 718
1929, 871
1619, 3975
384, 1637
3772, 3173
3399, 939
1295, 3581
2608, 3290
2993, 3333
1701, 485
3910, 3222
227, 4082
1050, 2046
1401, 1280
1895, 1771
3541, 2387
535, 2963
413, 2160
391, 3277
2922, 1587
3930, 1627
835, 1552
236, 1844
3092, 2548
1365, 1845
3862, 956
1431, 1533
599, 1182
2066, 332
2761, 1020
3032, 1872
3366, 682
812, 1557
1640, 976
3066, 2162
152, 585
1946, 1898
1323, 2916
3214, 2269
1862, 13
2432, 1380
2491, 661
3877, 1677
2777, 1240
3325, 1326
2909, 1970
2177, 4090
2335, 2593
2844, 2955
3167, 2635
1471, 1274
3422, 3954
17, 2521
145, 2039
3570, 1994
3471, 359
2852, 3395
1931, 3189
3485, 1107
4052, 3834
1504, 2013
2565, 2167
2779, 1125
1732, 2453
1802, 3530
1628, 402
907, 1654
949, 2329
3443, 1106
4036, 1120
2067, 3536
4008, 1765
3879, 2712
817, 1656
1679, 1347
3020, 3943
2527, 2664
867, 702
1263, 173
3816, 804
395, 1775
2854, 826
3755, 1150
2315, 2414
1988, 3953
3963, 2495
345, 756
1633, 1661
2758, 2764
823, 3649
3089, 1496
1853, 2297
2692, 3042
1063, 3987
2396, 975
2347, 3401
3087, 2839
1707, 3365
1683, 2904
1788, 3951
3726, 3303
2591, 2538
1951, 3220
587, 1781
583, 1570
3117, 1603
3045, 973
607, 3739
556, 1943
1957, 935
2399, 2827
805, 950
487, 3472
1269, 3774
228, 3235
4024, 1270
3951, 60
3269, 3865
2599, 1251
3581, 886
2755, 2375
2826, 3197
572, 4074
1747, 25
154, 3729
631, 3393
995, 1421
2099, 2717
3926, 588
3217, 1119
2328, 3522
2528, 731
3778, 779
1049, 304
266, 2127
3954, 823
4004, 1564
2913, 1745
3255, 1430
2261, 2979
1081, 1959
1184, 1452
4016, 346
640, 1207
1713, 3623
3769, 2479
1113, 3907
2813, 3882
3433, 4081
650, 3249
3253, 3400
2979, 1735
1096, 1867
3924, 1297
118, 3704
1326, 2253
2487, 2393
3314, 1419
1064, 958
111, 1201
906, 3582
3497, 534
2223, 1650
338, 1060
1789, 1589
2598, 2874
2213, 2461
2025, 448
2628, 2337
3898, 3765
1222, 1668
1963, 2646
3685, 876
543, 2909
1349, 2812
3114, 2331
1717, 3168
1014, 2487
2097, 3357
2333, 298
144, 936
3014, 2501
2970, 3838
3075, 1805
845, 1008
2859, 3332
935, 2089
2915, 276
2955, 1980
840, 2189
2474, 1581
2197, 1399
3164, 681
1621, 216
2413, 2111
1992, 2590
3048, 810
3171, 1903
992, 990
1025, 3970
2924, 2171
3653, 3872
3218, 1536
2855, 2372
925, 1238
3918, 3302
1149, 405
1138, 767
1712, 3542
3247, 2806
3037, 1709
3473, 3079
2972, 3331
1838, 2673
396, 3327
697, 3590
1412, 1938
2159, 2829
1690, 3546
2050, 1460
3642, 1884
2035, 2796
1486, 1744
3052, 2002
3239, 64
2823, 3204
321, 2008
3622, 3468
777, 1052
3306, 3905
1542, 421
3096, 4062
1774, 3248
593, 2779
2011, 2312
1625, 3762
1526, 1214
657, 3696
2232, 241
3367, 2912
3615, 3906
2656, 780
2259, 3257
660, 2837
3578, 1461
3584, 3754
3082, 3281
3554, 704
3186, 3986
2960, 3726
229, 1113
2384, 417
3575, 691
3156, 4021
14, 3632
1042, 1204
1203, 490
2938, 367
570, 1597
1058, 2132
2609, 1243
480, 1403
3209, 3050
2389, 1333
1303, 1127
3446, 1681
4091, 1221
1949, 2326
1447, 3670
86, 3578
1858, 3433
3936, 3802
940, 856
3540, 2987
575, 2426
48, 483
1234, 297
1168, 3936
3403, 1123
3692, 1048
1678, 3205
819, 2370
3925, 3605
2653, 3775
3146, 3857
2089, 3429
2538, 3887
3107, 2330
810, 2340
2430, 2860
3152, 1448
3983, 940
3279, 2813
2517, 3627
3687, 2225
3454, 3722
1478, 239
1598, 3498
253, 1353
2345, 1862
3640, 4050
56, 1263
2555, 821
1516, 2307
2240, 3073
3889, 2232
3408, 1787
1586, 2327
2666, 3639
3003, 1102
3743, 1104
3526, 1687
1584, 3138
1976, 3735
2583, 721
654, 1952
1666, 1416
3700, 3763
4003, 3202
2380, 1464
1071, 3880
744, 548
1840, 2777
1894, 3415
3791, 1141
349, 1879
1657, 1423
126, 3035
3440, 1233
2771, 4083
3735, 3366
3982, 3464
3410, 788
205, 937
208, 3040
117, 2553
3409, 3463
164, 1290
3414, 2652
3046, 603
1400, 2415
647, 2719
214, 1792
1537, 2041
1937, 2920
1167, 1755
2042, 1902
3062, 2841
4021, 946
294, 475
1577, 3470
1954, 2608
3782, 3653
264, 2533
3505, 353
3556, 732
1131, 2410
1267, 2961
2473, 608
1520, 1427
3587, 2159
641, 2396
1473, 817
3202, 3688
113, 2266
1964, 1864
1528, 853
567, 3870
1588, 444
1956, 3648
2696, 2555
1846, 2784
2880, 2741
2557, 3621
2027, 2695
4005, 163
1178, 1831
3006, 269
2792, 885
3480, 901
280, 2725
682, 2600
630, 874
520, 3898
968, 4035
705, 3296
3381, 2279
833, 763
2735, 1383
2500, 771
1367, 1605
1334, 3196
2182, 1093
905, 1372
1302, 1773
3760, 2972
501, 2622
134, 560
3635, 1967
1183, 1641
591, 1255
1315, 1987
2264, 1152
3448, 664
880, 2985
798, 590
3830, 2424
1458, 205
1409, 3344
3331, 2655
1437, 513
671, 3698
1299, 1894
1498, 3163
2879, 1826
3823, 1400
1141, 1634
3225, 1576
139, 1045
3934, 501
1979, 1179
3759, 2276
822, 2852
1231, 3885
3472, 1343
3256, 1949
2644, 1191
2198, 3245
305, 3751
2618, 3379
2733, 3589
1291, 612
2075, 972
3083, 746
2297, 706
3562, 2106
1426, 1228
3486, 470
2676, 1875
3903, 2064
2607, 3961
3739, 532
1624, 500
3496, 7
3577, 628
2927, 2745
3806, 2744
3121, 2917
2452, 3387
1066, 267
2762, 2391
329, 3421
2306, 1759
1389, 1212
2469, 1139
758, 3848
1279, 3607
3900, 2688
2422, 1122
3969, 857
1127, 2336
1297, 305
2912, 785
3293, 1796
1495, 1381
3346, 2068
1556, 1223
4022, 798
3843, 440
1623, 3717
4055, 3218
2057, 2305
813, 3982
1627, 2060
4009, 3611
1994, 2534
1600, 2666
2702, 3062
1919, 2936
1890, 2334
2425, 1850
717, 29
1010, 645
2126, 2903
3781, 2158
1355, 3320
2307, 1955
2509, 2805
194, 301
257, 3143
1256, 3708
2247, 1108
3899, 166
751, 2137
2572, 2739
2967, 1285
862, 2707
3477, 803
444, 3315
2632, 477
1177, 1470
797, 3622
3215, 860
2870, 176
2776, 2713
342, 889
119, 2496
1545, 2287
1115, 1394
1402, 3766
306, 1521
2590, 1690
849, 2983
3796, 1056
1237, 1877
1116, 3883
2800, 3864
2642, 3085
723, 875
542, 891
3262, 3045
3901, 872
2834, 1195
2133, 2355
3734, 2678
1804, 1693
1133, 1206
156, 3292
3883, 1295
2746, 320
2959, 3565
3254, 2441
2968, 2476
1868, 1828
8, 3034
24, 1055
3354, 4087
3481, 3889
2869, 3529
1307, 2001
708, 1956
3463, 200
4056, 3125
3614, 1723
2433, 604
2593, 2294
1161, 688
2002, 3755
166, 63
1164, 1810
335, 2058
3555, 3030
273, 2709
3307, 1151
4083, 2908
2003, 2172
1568, 1016
2883, 3121
2161, 2788
98, 244
2143, 1186
3421, 593
1881, 1973
898, 2621
989, 3318
2214, 3759
1274, 3271
1329, 3645
1978, 735
872, 2665
1428, 3783
1637, 2785
2277, 3100
1592, 322
1711, 2006
4041, 3613
1770, 3619
2988, 286
791, 2679
3914, 825
3665, 2030
525, 712
1999, 3275
536, 242
1232, 2084
3992, 114
33, 158
2646, 2620
761, 3097
1022, 3849
2594, 3234
2589, 3033
446, 1523
3240, 133
281, 1485
1408, 4000
261, 847
3313, 1061
2446, 1030
1771, 3958
2760, 3586
3057, 1230
2186, 3756
1914, 3801
3187, 1456
452, 2734
1199, 1853
3876, 2402
3231, 2597
2929, 2918
4031, 294
418, 15
699, 808
3441, 2163
2195, 1936
130, 2811
891, 3788
4054, 2598
2163, 3096
2499, 953
4071, 327
3634, 2506
128, 260
739, 2454
18, 2397
1903, 2392
4026, 3806
792, 1117
344, 349
1285, 3086
3216, 3156
734, 3631
3727, 2428
2058, 3894
1575, 3262
2898, 2866
1536, 1958
1214, 3584
1828, 3659
4074, 1644
1250, 1947
3207, 1216
2383, 68
268, 3337
2079, 2367
2411, 2799
982, 3132
985, 3630
1736, 1079
2343, 265
2659, 2321
2414, 3752
1243, 759
1223, 2683
615, 651
666, 383
809, 3501
1602, 1976
1553, 3151
2061, 2769
309, 1921
1429, 1272
4030, 2560
1021, 948
3833, 3363
255, 1997
1032, 1540
772, 1791
1422, 922
866, 44
3490, 361
2606, 748
531, 849
3023, 773
537, 3772
875, 2219
2144, 1662
290, 1044
2917, 3178
2981, 55
5, 3539
312, 3140
1543, 1983
2811, 3304
2677, 1738
914, 1409
465, 3064
106, 3950
1519, 2870
63, 1203
2705, 762
1643, 1413
706, 3402
3299, 2399
786, 2850
984, 1089
794, 3370
924, 581
2415, 1706
1388, 1033
2174, 3594
3047, 1357
3374, 1939
463, 2800
1085, 4047
2249, 3080
2273, 3837
1636, 1829
3616, 992
2128, 2684
2193, 82
320, 3258
1466, 2434
84, 2357
4053, 1450
1311, 1189
870, 3603
2948, 2585
3974, 3376
3013, 221
3005, 3600
2797, 2344
3688, 2153
2053, 34
944, 3330
3268, 1593
1151, 3852
1738, 2728
1430, 3867
2540, 3459
71, 2186
116, 1211
703, 708
3521, 1965
3856, 3629
3851, 3444
2447, 3657
3404, 2752
124, 2973
715, 3574
1533, 2438
2355, 3511
903, 3656
2923, 50
3672, 1339
3165, 988
121, 3818
1564, 3135
3475, 202
1100, 3388
1393, 613
433, 2019
1971, 2991
1996, 3164
842, 492
1006, 3129
2478, 1074
4015, 1746
1225, 4003
1745, 1329
1654, 1950
1280, 3846
3175, 8
337, 4034
3130, 979
2041, 2552
2637, 1205
3043, 1226
918, 3188
748, 2915
2152, 3352
2986, 2508
270, 2561
3852, 3391
3185, 1749
565, 1534
468, 1613
2365, 3312
1258, 2730
505, 1292
125, 751
2515, 3702
3513, 1981
2392, 3608
1456, 2914
2767, 75
733, 457
1288, 3925
783, 468
155, 3847
1813, 3988
1442, 1855
3503, 3020
354, 3731
2815, 3166
3750, 2772
2518, 2265
2375, 1324
2893, 1266
3973, 3612
2765, 2941
1692, 3810
3873, 3573
2477, 2889
677, 2804
2234, 194
3179, 2546
173, 1726
651, 2070
3955, 3513
2877, 2470
3742, 820
2683, 1612
3436, 3750
1305, 76
3077, 1740
1967, 1766
1730, 3076
696, 1580
